common_name,scientific_name,color,planttype,maintenance,meaning
Yarrow,achillea,cream,Perennials,low,Everlasting love
Yarrow,achillea,orange,Perennials,low,Everlasting love
Yarrow,achillea,pink,Perennials,low,Everlasting love
Yarrow,achillea,purple,Perennials,low,Everlasting love
Yarrow,achillea,red,Perennials,low,Everlasting love
Yarrow,achillea,white,Perennials,low,Everlasting love
Yarrow,achillea,yellow,Perennials,low,Everlasting love
wolf's bane,aconitum,blue,Perennials,medium,
wolf's bane,aconitum,pink,Perennials,medium,
wolf's bane,aconitum,purple,Perennials,medium,
wolf's bane,aconitum,white,Perennials,medium,
wolf's bane,aconitum,yellow,Perennials,medium,
,agapanthus,blue,"Bulbs, Perennials",low,
,agapanthus,purple,"Bulbs, Perennials",low,
,agapanthus,white,"Bulbs, Perennials",low,
,ageratum,blue,Annuals,low,
,ageratum,pink,Annuals,low,
,ageratum,purple,Annuals,low,
,ageratum,red,Annuals,low,
,ageratum,white,Annuals,low,
bugle,ajuga,blue,"Annuals, Perennials",low,
bugle,ajuga,purple,"Annuals, Perennials",low,
bugle,ajuga,white,"Annuals, Perennials",low,
hollyhock,alcea,black,"Annuals, Perennials",hard,
hollyhock,alcea,pink,"Annuals, Perennials",hard,
hollyhock,alcea,purple,"Annuals, Perennials",hard,
hollyhock,alcea,red,"Annuals, Perennials",hard,
hollyhock,alcea,white,"Annuals, Perennials",hard,
hollyhock,alcea,yellow,"Annuals, Perennials",hard,
wild onion,allium,blue,"Bulbs, Perennials",low,
wild onion,allium,pink,"Bulbs, Perennials",low,
wild onion,allium,purple,"Bulbs, Perennials",low,
wild onion,allium,white,"Bulbs, Perennials",low,
wild onion,allium,yellow,"Bulbs, Perennials",low,
Lily of the Incas,alstroemeria,orange,"Bulbs, Perennials",low,
Lily of the Incas,alstroemeria,pink,"Bulbs, Perennials",low,
Lily of the Incas,alstroemeria,purple,"Bulbs, Perennials",low,
Lily of the Incas,alstroemeria,red,"Bulbs, Perennials",low,
Lily of the Incas,alstroemeria,rose,"Bulbs, Perennials",low,
Lily of the Incas,alstroemeria,white,"Bulbs, Perennials",low,
Lily of the Incas,alstroemeria,yellow,"Bulbs, Perennials",low,
Belladonna,amaryllis,pink,"Bulbs, Perennials",low,
Belladonna,amaryllis,white,"Bulbs, Perennials",low,
eastern bluestar,amsonia,blue,Perennials,low,
eastern bluestar,amsonia,pink,Perennials,low,
eastern bluestar,amsonia,purple,Perennials,low,
eastern bluestar,amsonia,white,Perennials,low,
Tailflower,anthurium,green,Perennials,low,
Tailflower,anthurium,pink,Perennials,low,
Tailflower,anthurium,purple,Perennials,low,
Tailflower,anthurium,red,Perennials,low,
Tailflower,anthurium,white,Perennials,low,
Tailflower,anthurium,yellow,Perennials,low,
Snapdragon,antirrhinum,green,"Annuals, Perennials",low,Deception; Graciousness
Snapdragon,antirrhinum,orange,"Annuals, Perennials",low,Deception; Graciousness
Snapdragon,antirrhinum,pink,"Annuals, Perennials",low,Deception; Graciousness
Snapdragon,antirrhinum,purple,"Annuals, Perennials",low,Deception; Graciousness
Snapdragon,antirrhinum,red,"Annuals, Perennials",low,Deception; Graciousness
Snapdragon,antirrhinum,white,"Annuals, Perennials",low,Deception; Graciousness
Snapdragon,antirrhinum,yellow,"Annuals, Perennials",low,Deception; Graciousness
European columbine,aquilegia,blue,Perennials,low,Foolishness; Folly
European columbine,aquilegia,pink,Perennials,low,Foolishness; Folly
European columbine,aquilegia,purple,Perennials,low,Foolishness; Folly
European columbine,aquilegia,red,Perennials,low,Foolishness; Folly
European columbine,aquilegia,white,Perennials,low,Foolishness; Folly
European columbine,aquilegia,yellow,Perennials,low,Foolishness; Folly
butterflyweed,asclepias,orange,Perennials,low,
butterflyweed,asclepias,pink,Perennials,low,
butterflyweed,asclepias,purple,Perennials,low,
butterflyweed,asclepias,red,Perennials,low,
butterflyweed,asclepias,white,Perennials,low,
butterflyweed,asclepias,yellow,Perennials,low,
sea aster,aster,blue,Perennials,medium,Symbol of love; Daintiness
sea aster,aster,purple,Perennials,medium,Symbol of love; Daintiness
sea aster,aster,red,Perennials,medium,Symbol of love; Daintiness
sea aster,aster,white,Perennials,medium,Symbol of love; Daintiness
sea aster,aster,yellow,Perennials,medium,Symbol of love; Daintiness
,astilbe,pink,Perennials,low,
,astilbe,red,Perennials,low,
,astilbe,white,Perennials,low,
masterwort,astrantia,pink,Perennials,medium,
masterwort,astrantia,purple,Perennials,medium,
masterwort,astrantia,red,Perennials,medium,
masterwort,astrantia,white,Perennials,medium,
,banksia,brown,"Perennials, Shrubs, Trees",low,
,banksia,green,"Perennials, Shrubs, Trees",low,
,banksia,orange,"Perennials, Shrubs, Trees",low,
,banksia,red,"Perennials, Shrubs, Trees",low,
,banksia,violet,"Perennials, Shrubs, Trees",low,
,banksia,yellow,"Perennials, Shrubs, Trees",low,
,baptisia,blue,Perennials,low,
,baptisia,white,Perennials,low,
,baptisia,yellow,Perennials,low,
,begonia,orange,"Annuals, Bulbs, Perennials",low,
,begonia,pink,"Annuals, Bulbs, Perennials",low,
,begonia,red,"Annuals, Bulbs, Perennials",low,
,begonia,white,"Annuals, Bulbs, Perennials",low,
,begonia,yellow,"Annuals, Bulbs, Perennials",low,
,bellis,pink,Perennials,low,
,bellis,purple,Perennials,low,
,bellis,red,Perennials,low,
,bellis,white,Perennials,low,
,bellis,yellow,Perennials,low,
,bergenia,pink,Perennials,low,
,bergenia,purple,Perennials,low,
,bergenia,red,Perennials,low,
,bergenia,white,Perennials,low,
,borago,blue,"Annuals, Perennials",low,
,borago,pink,"Annuals, Perennials",low,
,bougainvillea,orange,"Climbers, Shrubs, Trees",low,
,bougainvillea,pink,"Climbers, Shrubs, Trees",low,
,bougainvillea,purple,"Climbers, Shrubs, Trees",low,
,bougainvillea,red,"Climbers, Shrubs, Trees",low,
,bougainvillea,white,"Climbers, Shrubs, Trees",low,
,bougainvillea,yellow,"Climbers, Shrubs, Trees",low,
,bouvardia,orange,"Herbs, Shrubs",low,
,bouvardia,pink,"Herbs, Shrubs",low,
,bouvardia,red,"Herbs, Shrubs",low,
,bouvardia,white,"Herbs, Shrubs",low,
,bouvardia,yellow,"Herbs, Shrubs",low,
,brugmansia,orange,"Shrubs, Trees",low,
,brugmansia,pink,"Shrubs, Trees",low,
,brugmansia,red,"Shrubs, Trees",low,
,brugmansia,white,"Shrubs, Trees",low,
,brugmansia,yellow,"Shrubs, Trees",low,
,buddleia,blue,"Shrubs, Trees",low,
,buddleia,pink,"Shrubs, Trees",low,
,buddleia,purple,"Shrubs, Trees",low,
,buddleia,red,"Shrubs, Trees",low,
,buddleia,white,"Shrubs, Trees",low,
Marigold,calendula,orange,"Annuals, Herbs, Perennials",low,
Marigold,calendula,yellow,"Annuals, Herbs, Perennials",low,
Scotch Heather,calluna,pink,Shrubs,low,
Scotch Heather,calluna,purple,Shrubs,low,
Scotch Heather,calluna,red,Shrubs,low,
Scotch Heather,calluna,white,Shrubs,low,
,camellia,pink,"Shrubs, Trees",low,
,camellia,purple,"Shrubs, Trees",low,
,camellia,red,"Shrubs, Trees",low,
,camellia,white,"Shrubs, Trees",low,
,camellia,yellow,"Shrubs, Trees",low,
Bellflower,campanula,blue,"Annuals, Perennials",low,Humility
Bellflower,campanula,lilac,"Annuals, Perennials",low,Humility
Bellflower,campanula,pink,"Annuals, Perennials",low,Humility
Bellflower,campanula,purple,"Annuals, Perennials",low,Humility
Bellflower,campanula,white,"Annuals, Perennials",low,Humility
,canna,cream,"Bulbs, Perennials",medium,
,canna,orange,"Bulbs, Perennials",medium,
,canna,pink,"Bulbs, Perennials",medium,
,canna,red,"Bulbs, Perennials",medium,
,canna,white,"Bulbs, Perennials",medium,
,canna,yellow,"Bulbs, Perennials",medium,
,celosia,gold,"Annuals, Perennials",low,
,celosia,orange,"Annuals, Perennials",low,
,celosia,pink,"Annuals, Perennials",low,
,celosia,purple,"Annuals, Perennials",low,
,celosia,red,"Annuals, Perennials",low,
,celosia,white,"Annuals, Perennials",low,
,celosia,yellow,"Annuals, Perennials",low,
star-thistle,centaurea,blue,"Annuals, Perennials",low,
star-thistle,centaurea,pink,"Annuals, Perennials",low,
star-thistle,centaurea,purple,"Annuals, Perennials",low,
star-thistle,centaurea,white,"Annuals, Perennials",low,
star-thistle,centaurea,yellow,"Annuals, Perennials",low,
florist's chrysanthemum,chrysanthemum,purple,Perennials,medium,
florist's chrysanthemum,chrysanthemum,red,Perennials,medium,I love you
florist's chrysanthemum,chrysanthemum,white,Perennials,medium,Truth
florist's chrysanthemum,chrysanthemum,yellow,Perennials,medium,Slighted love
,cistus,pink,"Perennials, Shrubs",low,
,cistus,purple,"Perennials, Shrubs",low,
,cistus,white,"Perennials, Shrubs",low,
fairyfan,clarkia,orange,Annuals,low,
fairyfan,clarkia,pink,Annuals,low,
fairyfan,clarkia,purple,Annuals,low,
fairyfan,clarkia,red,Annuals,low,
fairyfan,clarkia,white,Annuals,low,
,claytonia,pink,"Annuals, Bulbs, Perennials",low,
,claytonia,purple,"Annuals, Bulbs, Perennials",low,
,claytonia,red,"Annuals, Bulbs, Perennials",low,
,claytonia,white,"Annuals, Bulbs, Perennials",low,
,clerodendrum,cream,"Climbers, Shrubs, Trees",medium,
,clerodendrum,orange,"Climbers, Shrubs, Trees",medium,
,clerodendrum,pink,"Climbers, Shrubs, Trees",medium,
,clerodendrum,purple,"Climbers, Shrubs, Trees",medium,
,clerodendrum,red,"Climbers, Shrubs, Trees",medium,
,clerodendrum,white,"Climbers, Shrubs, Trees",medium,
,clerodendrum,yellow,"Climbers, Shrubs, Trees",medium,
convallaria,convallaria,pink,"Bulbs, Perennials",low,Sweetness; Tears of the Virgin Mary; Humility
convallaria,convallaria,white,"Bulbs, Perennials",low,Sweetness; Tears of the Virgin Mary; Humility
coreopsis,coreopsis,lavender,"Annuals, Perennials",low,Always cheerful
coreopsis,coreopsis,maroon,"Annuals, Perennials",low,Always cheerful
coreopsis,coreopsis,orange,"Annuals, Perennials",low,Always cheerful
coreopsis,coreopsis,pink,"Annuals, Perennials",low,Always cheerful
coreopsis,coreopsis,red,"Annuals, Perennials",low,Always cheerful
coreopsis,coreopsis,yellow,"Annuals, Perennials",low,Always cheerful
cosmos,cosmos,orange,Annuals,low,
cosmos,cosmos,pink,Annuals,low,
cosmos,cosmos,scarlet,Annuals,low,
cosmos,cosmos,white,Annuals,low,
cosmos,cosmos,yellow,Annuals,low,
montbretia,crocosmia,orange,"Bulbs, Perennials",low,
montbretia,crocosmia,red,"Bulbs, Perennials",low,
montbretia,crocosmia,yellow,"Bulbs, Perennials",low,
,crocus,blue,Bulbs,low,
,crocus,cream,Bulbs,low,
,crocus,purple,Bulbs,low,
,crocus,white,Bulbs,low,
,crocus,yellow,Bulbs,low,
,cyclamen,pink,"Bulbs, Perennials",low,
,cyclamen,purple,"Bulbs, Perennials",low,
,cyclamen,red,"Bulbs, Perennials",low,
,cyclamen,rose,"Bulbs, Perennials",low,
,cyclamen,white,"Bulbs, Perennials",low,
Boat Orchid,cymbidium,brown,Perennials,low,
Boat Orchid,cymbidium,green,Perennials,low,
Boat Orchid,cymbidium,orange,Perennials,low,
Boat Orchid,cymbidium,pink,Perennials,low,
Boat Orchid,cymbidium,red,Perennials,low,
Boat Orchid,cymbidium,white,Perennials,low,
Boat Orchid,cymbidium,yellow,Perennials,low,
,dahlia,blue,"Bulbs, Perennials",medium,
,datura,pink,"Annuals, Perennials",low,
,datura,purple,"Annuals, Perennials",low,
,datura,white,"Annuals, Perennials",low,
,datura,yellow,"Annuals, Perennials",low,
delosperma,delosperma,orange,"Cactus - Succulents, Perennials",low,
delosperma,delosperma,pink,"Cactus - Succulents, Perennials",low,
delosperma,delosperma,purple,"Cactus - Succulents, Perennials",low,
delosperma,delosperma,red,"Cactus - Succulents, Perennials",low,
delosperma,delosperma,white,"Cactus - Succulents, Perennials",low,
delosperma,delosperma,yellow,"Cactus - Succulents, Perennials",low,
Larkspur,delphinium,blue,Perennials,medium,Open heart; Levity; Lightness; Fickleness
Larkspur,delphinium,pink,Perennials,medium,Open heart; Levity; Lightness; Fickleness
Larkspur,delphinium,red,Perennials,medium,Open heart; Levity; Lightness; Fickleness
Larkspur,delphinium,violet,Perennials,medium,Open heart; Levity; Lightness; Fickleness
Larkspur,delphinium,white,Perennials,medium,Open heart; Levity; Lightness; Fickleness
Larkspur,delphinium,yellow,Perennials,medium,Open heart; Levity; Lightness; Fickleness
,deutzia,pink,Shrubs,low,
,deutzia,red,Shrubs,low,
,deutzia,white,Shrubs,low,
Pinks,dianthus,pink,"Annuals, Perennials, Shrubs",low,Fascination; Female love; Mother’s love
Pinks,dianthus,purple,"Annuals, Perennials, Shrubs",low,Fascination; Female love; Mother’s love
Pinks,dianthus,red,"Annuals, Perennials, Shrubs",low,Fascination; Female love; Mother’s love
Pinks,dianthus,white,"Annuals, Perennials, Shrubs",low,Fascination; Female love; Mother’s love
,diascia,orange,"Annuals, Perennials",low,
,diascia,pink,"Annuals, Perennials",low,
,diascia,purple,"Annuals, Perennials",low,
,diascia,white,"Annuals, Perennials",low,
,diascia,yellow,"Annuals, Perennials",low,
Common bleeding hearts,dicentra,pink,Perennials,low,
Common bleeding hearts,dicentra,red,Perennials,low,
Common bleeding hearts,dicentra,white,Perennials,low,
,dietes,brown,Perennials,low,
,dietes,purple,Perennials,low,
,dietes,white,Perennials,low,
,dietes,yellow,Perennials,low,
foxglove,digitalis,pink,Perennials,low,
foxglove,digitalis,purple,Perennials,low,
foxglove,digitalis,red,Perennials,low,
foxglove,digitalis,white,Perennials,low,
foxglove,digitalis,yellow,Perennials,low,
,dracula,black,Perennials,medium,
,dracula,lavender,Perennials,medium,
,dracula,purple,Perennials,medium,
,dracula,red,Perennials,medium,
,dracula,white,Perennials,medium,
,dracula,yellow,Perennials,medium,
,dryas,cream,"Perennials, Shrubs",medium,
,dryas,white,"Perennials, Shrubs",medium,
,dryas,yellow,"Perennials, Shrubs",medium,
purple coneflower,echinacea,brown,Perennials,low,
purple coneflower,echinacea,orange,Perennials,low,
purple coneflower,echinacea,pink,Perennials,low,
purple coneflower,echinacea,purple,Perennials,low,
purple coneflower,echinacea,red,Perennials,low,
purple coneflower,echinacea,white,Perennials,low,
purple coneflower,echinacea,yellow,Perennials,low,
great globe thistle,echinops,blue,Perennials,low,
great globe thistle,echinops,gray,Perennials,low,
great globe thistle,echinops,green,Perennials,low,
great globe thistle,echinops,purple,Perennials,low,
great globe thistle,echinops,white,Perennials,low,
,emilia,orange,Annuals,low,
,emilia,purple,Annuals,low,
,emilia,red,Annuals,low,
,epimedium,orange,Perennials,low,
,epimedium,pink,Perennials,low,
,epimedium,purple,Perennials,low,
,epimedium,red,Perennials,low,
,epimedium,white,Perennials,low,
,epimedium,yellow,Perennials,low,
climbing cactus,epiphyllum,orange,Cactus - Succulents,medium,
climbing cactus,epiphyllum,pink,Cactus - Succulents,medium,
climbing cactus,epiphyllum,purple,Cactus - Succulents,medium,
climbing cactus,epiphyllum,red,Cactus - Succulents,medium,
climbing cactus,epiphyllum,white,Cactus - Succulents,medium,
climbing cactus,epiphyllum,yellow,Cactus - Succulents,medium,
,eranthis,white,"Bulbs, Perennials",low,
,eranthis,yellow,"Bulbs, Perennials",low,
,eremurus,orange,Perennials,low,
,eremurus,pink,Perennials,low,
,eremurus,white,Perennials,low,
,eremurus,yellow,Perennials,low,
eryngo,eryngium,blue,"Annuals, Perennials",low,
eryngo,eryngium,green,"Annuals, Perennials",low,
eryngo,eryngium,purple,"Annuals, Perennials",low,
,erysimum,orange,"Annuals, Perennials, Shrubs",low,
,erysimum,red,"Annuals, Perennials, Shrubs",low,
,erysimum,yellow,"Annuals, Perennials, Shrubs",low,
,erythronium,pink,"Bulbs, Perennials",low,
,erythronium,purple,"Bulbs, Perennials",low,
,erythronium,red,"Bulbs, Perennials",low,
,erythronium,white,"Bulbs, Perennials",low,
,erythronium,yellow,"Bulbs, Perennials",low,
,eschscholzia,orange,"Annuals, Perennials",low,
,eschscholzia,yellow,"Annuals, Perennials",low,
,euphorbia,yellow,"Annuals, Cactus - Succulents, Perennials, Shrubs, Trees",low,
prairie gentian,eustoma,blue,"Annuals, Perennials",medium,
prairie gentian,eustoma,cream,"Annuals, Perennials",medium,
prairie gentian,eustoma,lilac,"Annuals, Perennials",medium,
prairie gentian,eustoma,pink,"Annuals, Perennials",medium,
prairie gentian,eustoma,purple,"Annuals, Perennials",medium,
prairie gentian,eustoma,white,"Annuals, Perennials",medium,
,felicia,blue,"Annuals, Perennials, Shrubs",low,
,felicia,lilac,"Annuals, Perennials, Shrubs",low,
,felicia,purple,"Annuals, Perennials, Shrubs",low,
,felicia,white,"Annuals, Perennials, Shrubs",low,
,felicia,yellow,"Annuals, Perennials, Shrubs",low,
showy forsythia,forsythia,yellow,Shrubs,low,
,freesia,lavender,"Bulbs, Perennials",low,
,freesia,orange,"Bulbs, Perennials",low,
,freesia,pink,"Bulbs, Perennials",low,
,freesia,purple,"Bulbs, Perennials",low,
,freesia,red,"Bulbs, Perennials",low,
,freesia,white,"Bulbs, Perennials",low,
,freesia,yellow,"Bulbs, Perennials",low,
mission bells,fritillaria,green,"Bulbs, Perennials",low,
mission bells,fritillaria,orange,"Bulbs, Perennials",low,
mission bells,fritillaria,red,"Bulbs, Perennials",low,
mission bells,fritillaria,yellow,"Bulbs, Perennials",low,
,fuchsia,fuchsia,"Shrubs, Trees",low,
,fuchsia,orange,"Shrubs, Trees",low,
,fuchsia,purple,"Shrubs, Trees",low,
,fuchsia,red,"Shrubs, Trees",low,
,fuchsia,white,"Shrubs, Trees",low,
,fuchsia,yellow,"Shrubs, Trees",low,
blanket-flower,gaillardia,brown,"Annuals, Perennials",low,
blanket-flower,gaillardia,orange,"Annuals, Perennials",low,
blanket-flower,gaillardia,purple,"Annuals, Perennials",low,
blanket-flower,gaillardia,red,"Annuals, Perennials",low,
blanket-flower,gaillardia,yellow,"Annuals, Perennials",low,
,galanthus,white,"Bulbs, Perennials",low,
,gardenia,cream,"Shrubs, Trees",hard,
,gardenia,white,"Shrubs, Trees",hard,
,gardenia,yellow,"Shrubs, Trees",hard,
,gazania,orange,"Annuals, Perennials",low,
,gazania,pink,"Annuals, Perennials",low,
,gazania,red,"Annuals, Perennials",low,
,gazania,white,"Annuals, Perennials",low,
,gazania,yellow,"Annuals, Perennials",low,
three-flower gentian,gentiana,blue,"Annuals, Perennials",low,
three-flower gentian,gentiana,purple,"Annuals, Perennials",low,
three-flower gentian,gentiana,red,"Annuals, Perennials",low,
three-flower gentian,gentiana,white,"Annuals, Perennials",low,
three-flower gentian,gentiana,yellow,"Annuals, Perennials",low,
Cranesbill,geranium,blue,"Annuals, Perennials",low,
Cranesbill,geranium,pink,"Annuals, Perennials",low,
Cranesbill,geranium,purple,"Annuals, Perennials",low,
Cranesbill,geranium,red,"Annuals, Perennials",low,
Cranesbill,geranium,white,"Annuals, Perennials",low,
Transvaal Daisy,gerbera,blue,Perennials,low,
Avens,geum,orange,Perennials,low,
Avens,geum,pink,Perennials,low,
Avens,geum,red,Perennials,low,
Avens,geum,white,Perennials,low,
Avens,geum,yellow,Perennials,low,
Gladiolus,gladiolus,green,"Bulbs, Perennials",low,Flower of the Gladiators; Integrity; Strength; Victory
Gladiolus,gladiolus,lavender,"Bulbs, Perennials",low,Flower of the Gladiators; Integrity; Strength; Victory
Gladiolus,gladiolus,pink,"Bulbs, Perennials",low,Flower of the Gladiators; Integrity; Strength; Victory
Gladiolus,gladiolus,purple,"Bulbs, Perennials",low,Flower of the Gladiators; Integrity; Strength; Victory
Gladiolus,gladiolus,red,"Bulbs, Perennials",low,Flower of the Gladiators; Integrity; Strength; Victory
Gladiolus,gladiolus,white,"Bulbs, Perennials",low,Flower of the Gladiators; Integrity; Strength; Victory
Gladiolus,gladiolus,yellow,"Bulbs, Perennials",low,Flower of the Gladiators; Integrity; Strength; Victory
glory-lily,gloriosa,orange,"Annuals, Bulbs, Climbers, Perennials",medium,
glory-lily,gloriosa,pink,"Annuals, Bulbs, Climbers, Perennials",medium,
glory-lily,gloriosa,red,"Annuals, Bulbs, Climbers, Perennials",medium,
glory-lily,gloriosa,yellow,"Annuals, Bulbs, Climbers, Perennials",medium,
globe amaranth,gomphrena,orange,"Annuals, Perennials",low,
globe amaranth,gomphrena,pink,"Annuals, Perennials",low,
globe amaranth,gomphrena,purple,"Annuals, Perennials",low,
globe amaranth,gomphrena,red,"Annuals, Perennials",low,
globe amaranth,gomphrena,white,"Annuals, Perennials",low,
globe amaranth,gomphrena,yellow,"Annuals, Perennials",low,
,grevillea,orange,"Shrubs, Trees",low,
,grevillea,purple,"Shrubs, Trees",low,
,grevillea,red,"Shrubs, Trees",low,
,grevillea,white,"Shrubs, Trees",low,
,grevillea,yellow,"Shrubs, Trees",low,
Baby’s Breath,gypsophila,pink,"Annuals, Perennials",low,Everlasting Love
Baby’s Breath,gypsophila,white,"Annuals, Perennials",low,Everlasting Love
,hamamelis,red,"Shrubs, Trees",low,
,hamamelis,yellow,"Shrubs, Trees",low,
sneezeweed,helenium,brown,"Annuals, Perennials",medium,
sneezeweed,helenium,orange,"Annuals, Perennials",medium,
sneezeweed,helenium,red,"Annuals, Perennials",medium,
sneezeweed,helenium,yellow,"Annuals, Perennials",medium,
sunflower,helianthus,brown,"Annuals, Perennials",low,
sunflower,helianthus,cream,"Annuals, Perennials",low,
sunflower,helianthus,orange,"Annuals, Perennials",low,
sunflower,helianthus,purple,"Annuals, Perennials",low,
sunflower,helianthus,red,"Annuals, Perennials",low,
sunflower,helianthus,yellow,"Annuals, Perennials",low,
,heliconia,green,Perennials,low,
,heliconia,orange,Perennials,low,
,heliconia,pink,Perennials,low,
,heliconia,red,Perennials,low,
,heliconia,yellow,Perennials,low,
green hellebore,helleborus,black,Perennials,low,
green hellebore,helleborus,green,Perennials,low,
green hellebore,helleborus,pink,Perennials,low,
green hellebore,helleborus,purple,Perennials,low,
green hellebore,helleborus,white,Perennials,low,
green hellebore,helleborus,yellow,Perennials,low,
Rosemallow,hibiscus,blue,"Annuals, Perennials, Shrubs, Trees",low,Delicate beauty
Rosemallow,hibiscus,orange,"Annuals, Perennials, Shrubs, Trees",low,Delicate beauty
Rosemallow,hibiscus,pink,"Annuals, Perennials, Shrubs, Trees",low,Delicate beauty
Rosemallow,hibiscus,purple,"Annuals, Perennials, Shrubs, Trees",low,Delicate beauty
Rosemallow,hibiscus,red,"Annuals, Perennials, Shrubs, Trees",low,Delicate beauty
Rosemallow,hibiscus,white,"Annuals, Perennials, Shrubs, Trees",low,Delicate beauty
Rosemallow,hibiscus,yellow,"Annuals, Perennials, Shrubs, Trees",low,Delicate beauty
hippeastrum,hippeastrum,green,Bulbs,low,
hippeastrum,hippeastrum,orange,Bulbs,low,
hippeastrum,hippeastrum,pink,Bulbs,low,
hippeastrum,hippeastrum,red,Bulbs,low,
hippeastrum,hippeastrum,white,Bulbs,low,
hippeastrum,hippeastrum,yellow,Bulbs,low,
plantain lily,hosta,lavender,Perennials,low,
plantain lily,hosta,purple,Perennials,low,
plantain lily,hosta,white,Perennials,low,
,hoya,green,"Climbers, Perennials, Shrubs",low,
,hoya,orange,"Climbers, Perennials, Shrubs",low,
,hoya,pink,"Climbers, Perennials, Shrubs",low,
,hoya,purple,"Climbers, Perennials, Shrubs",low,
,hoya,red,"Climbers, Perennials, Shrubs",low,
,hoya,white,"Climbers, Perennials, Shrubs",low,
Hyacinth,hyacinthus,blue,Bulbs,low,Sport; Game; Play
Hyacinth,hyacinthus,orange,Bulbs,low,Sport; Game; Play
Hyacinth,hyacinthus,pink,Bulbs,low,Sport; Game; Play
Hyacinth,hyacinthus,purple,Bulbs,low,Sport; Game; Play
Hyacinth,hyacinthus,red,Bulbs,low,Sport; Game; Play
Hyacinth,hyacinthus,white,Bulbs,low,Sport; Game; Play
Hyacinth,hyacinthus,yellow,Bulbs,low,Sport; Game; Play
Hortensia,hydrangea,blue,"Climbers, Shrubs, Trees",low,Gratitude for being understood; Frigidity and heartlessness
Hortensia,hydrangea,pink,"Climbers, Shrubs, Trees",low,Gratitude for being understood; Frigidity and heartlessness
Hortensia,hydrangea,purple,"Climbers, Shrubs, Trees",low,Gratitude for being understood; Frigidity and heartlessness
Hortensia,hydrangea,red,"Climbers, Shrubs, Trees",low,Gratitude for being understood; Frigidity and heartlessness
Hortensia,hydrangea,white,"Climbers, Shrubs, Trees",low,Gratitude for being understood; Frigidity and heartlessness
St. John’s Wort,hypericum,yellow,"Annuals, Perennials, Shrubs, Trees",low,
,hypoxis,yellow,Perennials,low,
,hyssopus,blue,"Perennials, Shrubs",low,
,hyssopus,pink,"Perennials, Shrubs",low,
,hyssopus,purple,"Perennials, Shrubs",low,
,hyssopus,white,"Perennials, Shrubs",low,
candytuft,iberis,lilac,"Annuals, Perennials, Shrubs",medium,Indifference
candytuft,iberis,pink,"Annuals, Perennials, Shrubs",medium,Indifference
candytuft,iberis,white,"Annuals, Perennials, Shrubs",medium,Indifference
,impatiens,blue,"Annuals, Perennials",low,
,impatiens,orange,"Annuals, Perennials",low,
,impatiens,pink,"Annuals, Perennials",low,
,impatiens,purple,"Annuals, Perennials",low,
,impatiens,red,"Annuals, Perennials",low,
,impatiens,white,"Annuals, Perennials",low,
,impatiens,yellow,"Annuals, Perennials",low,
Morning glory,ipomoea,blue,"Annuals, Climbers, Perennials, Shrubs, Trees",low,
Morning glory,ipomoea,purple,"Annuals, Climbers, Perennials, Shrubs, Trees",low,
Morning glory,ipomoea,red,"Annuals, Climbers, Perennials, Shrubs, Trees",low,
Morning glory,ipomoea,white,"Annuals, Climbers, Perennials, Shrubs, Trees",low,
Morning glory,ipomoea,yellow,"Annuals, Climbers, Perennials, Shrubs, Trees",low,
,iris,black,Perennials,low,
,iris,blue,Perennials,low,
,iris,brown,Perennials,low,
,iris,orange,Perennials,low,
,iris,pink,Perennials,low,
,iris,purple,Perennials,low,
,iris,red,Perennials,low,
,iris,white,Perennials,low,
,iris,yellow,Perennials,low,
,ixora,orange,"Shrubs, Trees",low,
,ixora,pink,"Shrubs, Trees",low,
,ixora,red,"Shrubs, Trees",low,
,ixora,white,"Shrubs, Trees",low,
,ixora,yellow,"Shrubs, Trees",low,
,jacaranda,blue,"Shrubs, Trees",low,
,jacaranda,purple,"Shrubs, Trees",low,
,jasione,blue,"Annuals, Perennials",low,
,jasione,purple,"Annuals, Perennials",low,
Jasmine,jasminum,white,"Climbers, Shrubs",low,Sweet love; Amiability
Jasmine,jasminum,yellow,"Climbers, Shrubs",low,Grace; Elegance
,justicia,cream,"Perennials, Shrubs",low,
,justicia,orange,"Perennials, Shrubs",low,
,justicia,pink,"Perennials, Shrubs",low,
,justicia,red,"Perennials, Shrubs",low,
,justicia,white,"Perennials, Shrubs",low,
,justicia,yellow,"Perennials, Shrubs",low,
widow's-thrill,kalanchoe,orange,"Cactus - Succulents, Perennials, Shrubs",low,
widow's-thrill,kalanchoe,pink,"Cactus - Succulents, Perennials, Shrubs",low,
widow's-thrill,kalanchoe,red,"Cactus - Succulents, Perennials, Shrubs",low,
widow's-thrill,kalanchoe,white,"Cactus - Succulents, Perennials, Shrubs",low,
mountain laurel,kalmia,lavender,Shrubs,low,
mountain laurel,kalmia,pink,Shrubs,low,
mountain laurel,kalmia,purple,Shrubs,low,
mountain laurel,kalmia,white,Shrubs,low,
mountain laurel,kerria,yellow,Shrubs,low,
redhot poker,kniphofia,cream,Perennials,low,
redhot poker,kniphofia,orange,Perennials,low,
redhot poker,kniphofia,red,Perennials,low,
redhot poker,kniphofia,yellow,Perennials,low,
,kolkwitzia,pink,Shrubs,low,
,kolkwitzia,white,Shrubs,low,
,kolkwitzia,yellow,Shrubs,low,
,kunzea,pink,"Shrubs, Trees",low,
,kunzea,purple,"Shrubs, Trees",low,
,kunzea,red,"Shrubs, Trees",low,
,kunzea,white,"Shrubs, Trees",low,
,kunzea,yellow,"Shrubs, Trees",low,
,lantana,lavender,"Annuals, Perennials, Shrubs",low,
,lantana,orange,"Annuals, Perennials, Shrubs",low,
,lantana,pink,"Annuals, Perennials, Shrubs",low,
,lantana,red,"Annuals, Perennials, Shrubs",low,
,lantana,white,"Annuals, Perennials, Shrubs",low,
,lantana,yellow,"Annuals, Perennials, Shrubs",low,
sweet pea,lathyrus,blue,"Annuals, Climbers, Perennials",low,Blissful pleasures; Goodbye; Thank you for a lovely time
sweet pea,lathyrus,cream,"Annuals, Climbers, Perennials",low,Blissful pleasures; Goodbye; Thank you for a lovely time
sweet pea,lathyrus,lavender,"Annuals, Climbers, Perennials",low,Blissful pleasures; Goodbye; Thank you for a lovely time
sweet pea,lathyrus,magenta,"Annuals, Climbers, Perennials",low,Blissful pleasures; Goodbye; Thank you for a lovely time
sweet pea,lathyrus,pink,"Annuals, Climbers, Perennials",low,Blissful pleasures; Goodbye; Thank you for a lovely time
sweet pea,lathyrus,purple,"Annuals, Climbers, Perennials",low,Blissful pleasures; Goodbye; Thank you for a lovely time
sweet pea,lathyrus,red,"Annuals, Climbers, Perennials",low,Blissful pleasures; Goodbye; Thank you for a lovely time
sweet pea,lathyrus,scarlet,"Annuals, Climbers, Perennials",low,Blissful pleasures; Goodbye; Thank you for a lovely time
sweet pea,lathyrus,white,"Annuals, Climbers, Perennials",low,Blissful pleasures; Goodbye; Thank you for a lovely time
sweet pea,lathyrus,yellow,"Annuals, Climbers, Perennials",low,Blissful pleasures; Goodbye; Thank you for a lovely time
French lavender,lavandula,blue,"Herbs, Perennials, Shrubs",medium,Distrust
French lavender,lavandula,lavender,"Herbs, Perennials, Shrubs",medium,Distrust
French lavender,lavandula,pink,"Herbs, Perennials, Shrubs",medium,Distrust
French lavender,lavandula,purple,"Herbs, Perennials, Shrubs",medium,Distrust
French lavender,lavandula,white,"Herbs, Perennials, Shrubs",medium,Distrust
,leontopodium,yellow,Perennials,low,
snowflake,leucojum,green,"Bulbs, Perennials",low,
snowflake,leucojum,white,"Bulbs, Perennials",low,
,lewisia,orange,Perennials,low,
,lewisia,pink,Perennials,low,
,lewisia,purple,Perennials,low,
,lewisia,red,Perennials,low,
,lewisia,white,Perennials,low,
prairie-pine,liatris,lavender,Perennials,low,
prairie-pine,liatris,pink,Perennials,low,
prairie-pine,liatris,purple,Perennials,low,
prairie-pine,liatris,rose,Perennials,low,
prairie-pine,liatris,violet,Perennials,low,
prairie-pine,liatris,white,Perennials,low,
lily,lilium,orange,"Bulbs, Perennials",low,Hatred
lily,lilium,red,"Bulbs, Perennials",low,
lily,lilium,white,"Bulbs, Perennials",low,Virginity; Purity; Heavenly
lily,lilium,yellow,"Bulbs, Perennials",low,Happy; Gay; Walking on air
Mediterranean sealavender,limonium,blue,"Annuals, Perennials, Shrubs",low,
Mediterranean sealavender,limonium,pink,"Annuals, Perennials, Shrubs",low,
Mediterranean sealavender,limonium,purple,"Annuals, Perennials, Shrubs",low,
Mediterranean sealavender,limonium,white,"Annuals, Perennials, Shrubs",low,
Mediterranean sealavender,limonium,yellow,"Annuals, Perennials, Shrubs",low,
,lobelia,blue,"Annuals, Perennials, Shrubs",low,
,lobelia,pink,"Annuals, Perennials, Shrubs",low,
,lobelia,purple,"Annuals, Perennials, Shrubs",low,
,lobelia,red,"Annuals, Perennials, Shrubs",low,
,lobelia,white,"Annuals, Perennials, Shrubs",low,
honeysuckle,lonicera,orange,"Climbers, Shrubs",low,Bonds of love
honeysuckle,lonicera,pink,"Climbers, Shrubs",low,Bonds of love
honeysuckle,lonicera,red,"Climbers, Shrubs",low,Bonds of love
honeysuckle,lonicera,white,"Climbers, Shrubs",low,Bonds of love
honeysuckle,lonicera,yellow,"Climbers, Shrubs",low,Bonds of love
White Lupine,lupinus,blue,"Annuals, Perennials",low,
White Lupine,lupinus,pink,"Annuals, Perennials",low,
White Lupine,lupinus,purple,"Annuals, Perennials",low,
White Lupine,lupinus,white,"Annuals, Perennials",low,
White Lupine,lupinus,yellow,"Annuals, Perennials",low,
,lycoris,orange,"Bulbs, Perennials",low,
,lycoris,pink,"Bulbs, Perennials",low,
,lycoris,red,"Bulbs, Perennials",low,
,lycoris,white,"Bulbs, Perennials",low,
,lycoris,yellow,"Bulbs, Perennials",low,
Magnolia,magnolia,pink,"Shrubs, Trees",low,Nobility; Love of nature
Magnolia,magnolia,purple,"Shrubs, Trees",low,Nobility; Love of nature
Magnolia,magnolia,white,"Shrubs, Trees",low,Nobility; Love of nature
Magnolia,magnolia,yellow,"Shrubs, Trees",low,Nobility; Love of nature
,malva,pink,"Annuals, Perennials",low,
,malva,purple,"Annuals, Perennials",low,
,malva,white,"Annuals, Perennials",low,
,mandevilla,pink,"Annuals, Climbers, Perennials",medium,
,mandevilla,red,"Annuals, Climbers, Perennials",medium,
,mandevilla,white,"Annuals, Climbers, Perennials",medium,
,mandevilla,yellow,"Annuals, Climbers, Perennials",medium,
,mimosa,pink,"Annuals, Perennials, Shrubs, Trees",medium,
,mimosa,purple,"Annuals, Perennials, Shrubs, Trees",medium,
,mimosa,white,"Annuals, Perennials, Shrubs, Trees",medium,
,monarda,pink,Perennials,low,
,monarda,purple,Perennials,low,
,monarda,red,Perennials,low,
,monarda,white,Perennials,low,
Grape Hyacinth,muscari,blue,Bulbs,low,
Grape Hyacinth,muscari,pink,Bulbs,low,
Grape Hyacinth,muscari,white,Bulbs,low,
Grape Hyacinth,muscari,yellow,Bulbs,low,
forget-me-not,myosotis,blue,Perennials,low,True love memories; Do not forget me
forget-me-not,myosotis,pink,Perennials,low,True love memories; Do not forget me
forget-me-not,myosotis,white,Perennials,low,True love memories; Do not forget me
forget-me-not,myosotis,yellow,Perennials,low,True love memories; Do not forget me
,myrtus,white,"Shrubs, Trees",low,Good luck; Love in a marriage
cream daffodil,narcissus,white,"Bulbs, Perennials",low,Regard; Unequalled love
cream daffodil,narcissus,yellow,"Bulbs, Perennials",low,Regard; Unequalled love
lotus,nelumbo,pink,Perennials,low,
lotus,nelumbo,white,Perennials,low,
lotus,nelumbo,yellow,Perennials,low,
,nemesia,blue,"Annuals, Perennials, Shrubs",low,
,nemesia,cream,"Annuals, Perennials, Shrubs",low,
,nemesia,orange,"Annuals, Perennials, Shrubs",low,
,nemesia,pink,"Annuals, Perennials, Shrubs",low,
,nemesia,purple,"Annuals, Perennials, Shrubs",low,
,nemesia,red,"Annuals, Perennials, Shrubs",low,
,nemesia,white,"Annuals, Perennials, Shrubs",low,
,nemesia,yellow,"Annuals, Perennials, Shrubs",low,
,nemophila,blue,Annuals,low,
,nemophila,purple,Annuals,low,
,nepeta,blue,Perennials,low,
,nepeta,pink,Perennials,low,
,nepeta,purple,Perennials,low,
,nepeta,white,Perennials,low,
,nepeta,yellow,Perennials,low,
Guernsey Lily,nerine,orange,"Bulbs, Perennials",medium,
Guernsey Lily,nerine,pink,"Bulbs, Perennials",medium,
Guernsey Lily,nerine,red,"Bulbs, Perennials",medium,
Guernsey Lily,nerine,white,"Bulbs, Perennials",medium,
,nerium,cream,"Shrubs, Trees",low,
,nerium,pink,"Shrubs, Trees",low,
,nerium,purple,"Shrubs, Trees",low,
,nerium,red,"Shrubs, Trees",low,
,nerium,white,"Shrubs, Trees",low,
,nerium,yellow,"Shrubs, Trees",low,
Nutmeg Flower,nigella,blue,Annuals,low,
Nutmeg Flower,nigella,pink,Annuals,low,
Nutmeg Flower,nigella,white,Annuals,low,
Nutmeg Flower,nigella,yellow,Annuals,low,
,obregonia,pink,Cactus - Succulents,medium,
,obregonia,white,Cactus - Succulents,medium,
,obregonia,yellow,Cactus - Succulents,medium,
,oenothera,pink,"Annuals, Perennials",low,
,oenothera,white,"Annuals, Perennials",low,
,oenothera,yellow,"Annuals, Perennials",low,
,opuntia,pink,Cactus - Succulents,low,
,opuntia,red,Cactus - Succulents,low,
,opuntia,white,Cactus - Succulents,low,
,opuntia,yellow,Cactus - Succulents,low,
garden star-of-Bethlehem,ornithogalum,orange,"Bulbs, Perennials",low,
garden star-of-Bethlehem,ornithogalum,white,"Bulbs, Perennials",low,
garden star-of-Bethlehem,ornithogalum,yellow,"Bulbs, Perennials",low,
,osteospermum,blue,"Annuals, Perennials, Shrubs",low,
,osteospermum,cream,"Annuals, Perennials, Shrubs",low,
,osteospermum,pink,"Annuals, Perennials, Shrubs",low,
,osteospermum,purple,"Annuals, Perennials, Shrubs",low,
,osteospermum,white,"Annuals, Perennials, Shrubs",low,
,osteospermum,yellow,"Annuals, Perennials, Shrubs",low,
triangeloxalis,oxalis,pink,"Annuals, Bulbs, Perennials",low,
triangeloxalis,oxalis,purple,"Annuals, Bulbs, Perennials",low,
triangeloxalis,oxalis,white,"Annuals, Bulbs, Perennials",low,
triangeloxalis,oxalis,yellow,"Annuals, Bulbs, Perennials",low,
mountain peony,paeonia,pink,"Perennials, Shrubs",low,Bashful; Happy life; Shame
mountain peony,paeonia,purple,"Perennials, Shrubs",low,Bashful; Happy life; Shame
mountain peony,paeonia,red,"Perennials, Shrubs",low,Bashful; Happy life; Shame
mountain peony,paeonia,white,"Perennials, Shrubs",low,Bashful; Happy life; Shame
mountain peony,paeonia,yellow,"Perennials, Shrubs",low,Bashful; Happy life; Shame
poppy,papaver,orange,"Annuals, Perennials",low,Consolation
poppy,papaver,pink,"Annuals, Perennials",low,Consolation
poppy,papaver,purple,"Annuals, Perennials",low,Consolation
poppy,papaver,red,"Annuals, Perennials",low,Consolation
poppy,papaver,white,"Annuals, Perennials",low,Consolation
poppy,papaver,yellow,"Annuals, Perennials",low,Consolation
passionflower,passiflora,blue,"Annuals, Climbers, Perennials, Shrubs, Trees",medium,
passionflower,passiflora,purple,"Annuals, Climbers, Perennials, Shrubs, Trees",medium,
passionflower,passiflora,white,"Annuals, Climbers, Perennials, Shrubs, Trees",medium,
pelargonium,pelargonium,orange,"Annuals, Cactus - Succulents, Perennials, Shrubs",low,Folly; Stupidity
pelargonium,pelargonium,pink,"Annuals, Cactus - Succulents, Perennials, Shrubs",low,Folly; Stupidity
pelargonium,pelargonium,purple,"Annuals, Cactus - Succulents, Perennials, Shrubs",low,Folly; Stupidity
pelargonium,pelargonium,red,"Annuals, Cactus - Succulents, Perennials, Shrubs",low,Folly; Stupidity
pelargonium,pelargonium,white,"Annuals, Cactus - Succulents, Perennials, Shrubs",low,Folly; Stupidity
,penstemon,blue,Perennials,low,
,penstemon,purple,Perennials,low,
,penstemon,red,Perennials,low,
,penstemon,white,Perennials,low,
,penstemon,yellow,Perennials,low,
,perovskia,blue,"Perennials, Shrubs",low,
,perovskia,purple,"Perennials, Shrubs",low,
petunia,petunia,blue,"Annuals, Perennials",low,
petunia,petunia,pink,"Annuals, Perennials",low,
petunia,petunia,purple,"Annuals, Perennials",low,
petunia,petunia,red,"Annuals, Perennials",low,
petunia,petunia,white,"Annuals, Perennials",low,
petunia,petunia,yellow,"Annuals, Perennials",low,
,phacelia,blue,"Annuals, Perennials",low,
,phacelia,purple,"Annuals, Perennials",low,
phlox,phlox,lavender,"Annuals, Perennials",medium,
phlox,phlox,magenta,"Annuals, Perennials",medium,
phlox,phlox,pink,"Annuals, Perennials",medium,
phlox,phlox,purple,"Annuals, Perennials",medium,
phlox,phlox,red,"Annuals, Perennials",medium,
phlox,phlox,rose,"Annuals, Perennials",medium,
phlox,phlox,white,"Annuals, Perennials",medium,
phlox,phlox,yellow,"Annuals, Perennials",medium,
,platycodon,blue,Perennials,low,
,platycodon,pink,Perennials,low,
,platycodon,purple,Perennials,low,
,platycodon,white,Perennials,low,
,plumbago,blue,"Annuals, Climbers, Perennials, Shrubs",low,
,plumbago,white,"Annuals, Climbers, Perennials, Shrubs",low,
,plumeria,pink,"Shrubs, Trees",low,
,plumeria,red,"Shrubs, Trees",low,
,plumeria,white,"Shrubs, Trees",low,
,plumeria,yellow,"Shrubs, Trees",low,
Solomon's seal,polygonatum,green,Perennials,low,
Solomon's seal,polygonatum,pink,Perennials,low,
Solomon's seal,polygonatum,white,Perennials,low,
,potentilla,pink,"Annuals, Perennials, Shrubs",low,
,potentilla,purple,"Annuals, Perennials, Shrubs",low,
,potentilla,red,"Annuals, Perennials, Shrubs",low,
,potentilla,white,"Annuals, Perennials, Shrubs",low,
,potentilla,yellow,"Annuals, Perennials, Shrubs",low,
,primula,blue,Perennials,low,
,primula,green,Perennials,low,
,primula,orange,Perennials,low,
,primula,pink,Perennials,low,
,primula,purple,Perennials,low,
,primula,red,Perennials,low,
,primula,white,Perennials,low,
,primula,yellow,Perennials,low,
,protea,green,"Shrubs, Trees",low,
,protea,orange,"Shrubs, Trees",low,
,protea,purple,"Shrubs, Trees",low,
,protea,red,"Shrubs, Trees",low,
,protea,white,"Shrubs, Trees",low,
,protea,yellow,"Shrubs, Trees",low,
plum,prunus,pink,"Shrubs, Trees",low,
plum,prunus,purple,"Shrubs, Trees",low,
plum,prunus,red,"Shrubs, Trees",low,
plum,prunus,white,"Shrubs, Trees",low,
,pulmonaria,blue,Perennials,low,
,pulmonaria,pink,Perennials,low,
,pulmonaria,purple,Perennials,low,
,pulmonaria,white,Perennials,low,
,quesnelia,blue,"Cactus - Succulents, Perennials",low,
,quesnelia,pink,"Cactus - Succulents, Perennials",low,
,quesnelia,red,"Cactus - Succulents, Perennials",low,
,quesnelia,yellow,"Cactus - Succulents, Perennials",low,
Corpse Flower,rafflesia,brown,,low,
Corpse Flower,rafflesia,white,,low,
renoncules,ranunculus,pink,"Annuals, Bulbs, Perennials",low,
renoncules,ranunculus,red,"Annuals, Bulbs, Perennials",low,
renoncules,ranunculus,white,"Annuals, Bulbs, Perennials",low,
renoncules,ranunculus,yellow,"Annuals, Bulbs, Perennials",low,
Rhododendron,rhododendron,gold,"Shrubs, Trees",low,Danger; beware
Rhododendron,rhododendron,orange,"Shrubs, Trees",low,Danger; beware
Rhododendron,rhododendron,pink,"Shrubs, Trees",low,Danger; beware
Rhododendron,rhododendron,purple,"Shrubs, Trees",low,Danger; beware
Rhododendron,rhododendron,red,"Shrubs, Trees",low,Danger; beware
Rhododendron,rhododendron,white,"Shrubs, Trees",low,Danger; beware
,rondeletia,pink,"Shrubs, Trees",low,
,rondeletia,red,"Shrubs, Trees",low,
,rondeletia,white,"Shrubs, Trees",low,
,rondeletia,yellow,"Shrubs, Trees",low,
damask rose,rosa,pink,"Climbers, Roses, Shrubs",medium,Happiness
damask rose,rosa,purple,"Climbers, Roses, Shrubs",medium,
damask rose,rosa,red,"Climbers, Roses, Shrubs",medium,Love; I love you
damask rose,rosa,white,"Climbers, Roses, Shrubs",medium,Innocence; Heavenly; I’m worthy of you
damask rose,rosa,yellow,"Climbers, Roses, Shrubs",medium,Jealousy; Decrease of love; Infidelity
Coneflower,rudbeckia,black,"Annuals, Perennials",low,Justice
Coneflower,rudbeckia,brown,"Annuals, Perennials",low,Justice
Coneflower,rudbeckia,green,"Annuals, Perennials",low,Justice
Coneflower,rudbeckia,orange,"Annuals, Perennials",low,Justice
Coneflower,rudbeckia,red,"Annuals, Perennials",low,Justice
Coneflower,rudbeckia,yellow,"Annuals, Perennials",low,Justice
Sage,salvia,blue,"Annuals, Perennials, Shrubs",low,Wisdom; Immortality
Sage,salvia,pink,"Annuals, Perennials, Shrubs",low,Wisdom; Immortality
Sage,salvia,red,"Annuals, Perennials, Shrubs",low,Wisdom; Immortality
Sage,salvia,white,"Annuals, Perennials, Shrubs",low,Wisdom; Immortality
,sandersonia,orange,"Climbers, Perennials",low,
,sandersonia,yellow,"Climbers, Perennials",low,
,saxifraga,pink,Perennials,low,
,saxifraga,purple,Perennials,low,
,saxifraga,red,Perennials,low,
,saxifraga,white,Perennials,low,
,saxifraga,yellow,Perennials,low,
starflower pincushions,scabiosa,blue,"Annuals, Perennials",low,
starflower pincushions,scabiosa,pink,"Annuals, Perennials",low,
starflower pincushions,scabiosa,purple,"Annuals, Perennials",low,
starflower pincushions,scabiosa,red,"Annuals, Perennials",low,
starflower pincushions,scabiosa,white,"Annuals, Perennials",low,
starflower pincushions,scabiosa,yellow,"Annuals, Perennials",low,
,scilla,blue,Bulbs,low,
,scilla,purple,Bulbs,low,
,scilla,white,Bulbs,low,
,sedum,orange,"Annuals, Cactus - Succulents, Perennials, Shrubs",low,
,sedum,pink,"Annuals, Cactus - Succulents, Perennials, Shrubs",low,
,sedum,purple,"Annuals, Cactus - Succulents, Perennials, Shrubs",low,
,sedum,red,"Annuals, Cactus - Succulents, Perennials, Shrubs",low,
,sedum,white,"Annuals, Cactus - Succulents, Perennials, Shrubs",low,
,sedum,yellow,"Annuals, Cactus - Succulents, Perennials, Shrubs",low,
European goldenrod,solidago,yellow,Perennials,low,Encouragement; Good fortune
Thunberg's meadowsweet,spiraea,cream,Shrubs,low,
Thunberg's meadowsweet,spiraea,pink,Shrubs,low,
Thunberg's meadowsweet,spiraea,purple,Shrubs,low,
Thunberg's meadowsweet,spiraea,white,Shrubs,low,
Thunberg's meadowsweet,spiraea,yellow,Shrubs,low,
Bird of Paradise,strelitzia,blue,"Perennials, Shrubs",low,
Bird of Paradise,strelitzia,orange,"Perennials, Shrubs",low,
Bird of Paradise,strelitzia,purple,"Perennials, Shrubs",low,
Bird of Paradise,strelitzia,red,"Perennials, Shrubs",low,
Bird of Paradise,strelitzia,yellow,"Perennials, Shrubs",low,
Lilac,syringa,blue,"Shrubs, Trees",low,Joy of youth
Lilac,syringa,pink,"Shrubs, Trees",low,Joy of youth
Lilac,syringa,red,"Shrubs, Trees",low,Joy of youth
Lilac,syringa,white,"Shrubs, Trees",low,Joy of youth
Lilac,syringa,yellow,"Shrubs, Trees",low,Joy of youth
Marigold,tagetes,orange,"Annuals, Perennials, Shrubs",low,Grief; Jealousy
Marigold,tagetes,white,"Annuals, Perennials, Shrubs",low,Grief; Jealousy
Marigold,tagetes,yellow,"Annuals, Perennials, Shrubs",low,Grief; Jealousy
Tansy,tanacetum,white,"Annuals, Perennials, Shrubs",medium,Hostile thoughts; Declaring war
Tansy,tanacetum,yellow,"Annuals, Perennials, Shrubs",medium,Hostile thoughts; Declaring war
,taraxacum,white,Perennials,low,
,taraxacum,yellow,Perennials,low,
,tigridia,cream,Bulbs,low,
,tigridia,orange,Bulbs,low,
,tigridia,pink,Bulbs,low,
,tigridia,red,Bulbs,low,
,tigridia,scarlet,Bulbs,low,
,tigridia,white,Bulbs,low,
,tigridia,yellow,Bulbs,low,
,torenia,blue,Annuals,medium,
,torenia,pink,Annuals,medium,
,torenia,purple,Annuals,medium,
,torenia,white,Annuals,medium,
,torenia,yellow,Annuals,medium,
oyster plant,tradescantia,blue,Perennials,low,
oyster plant,tradescantia,pink,Perennials,low,
oyster plant,tradescantia,purple,Perennials,low,
oyster plant,tradescantia,red,Perennials,low,
oyster plant,tradescantia,white,Perennials,low,
tricyrtis,tricyrtis,purple,Perennials,low,
tricyrtis,tricyrtis,red,Perennials,low,
tricyrtis,tricyrtis,white,Perennials,low,
tricyrtis,tricyrtis,yellow,Perennials,low,
,trillium,maroon,Perennials,low,
,trillium,pink,Perennials,low,
,trillium,purple,Perennials,low,
,trillium,red,Perennials,low,
,trillium,white,Perennials,low,
,trillium,yellow,Perennials,low,
,trollius,orange,Perennials,low,
,trollius,white,Perennials,low,
,trollius,yellow,Perennials,low,
,tropaeolum,cream,"Annuals, Perennials",low,
,tropaeolum,orange,"Annuals, Perennials",low,
,tropaeolum,purple,"Annuals, Perennials",low,
,tropaeolum,red,"Annuals, Perennials",low,
,tropaeolum,yellow,"Annuals, Perennials",low,
,ulex,yellow,Shrubs,low,
,ursinia,orange,"Annuals, Perennials",low,
,ursinia,red,"Annuals, Perennials",low,
,ursinia,yellow,"Annuals, Perennials",low,
,valeriana,lavender,Perennials,low,
,valeriana,pink,Perennials,low,
,valeriana,white,Perennials,low,
,verbascum,pink,"Annuals, Perennials",low,
,verbascum,purple,"Annuals, Perennials",low,
,verbascum,red,"Annuals, Perennials",low,
,verbascum,white,"Annuals, Perennials",low,
,verbascum,yellow,"Annuals, Perennials",low,
,verbena,pink,"Annuals, Perennials",low,
,verbena,purple,"Annuals, Perennials",low,
,verbena,red,"Annuals, Perennials",low,
,verbena,white,"Annuals, Perennials",low,
Spiked Speedwell,veronica,blue,Perennials,low,Feminine fidelity
Spiked Speedwell,veronica,pink,Perennials,low,Feminine fidelity
Spiked Speedwell,veronica,purple,Perennials,low,Feminine fidelity
Spiked Speedwell,veronica,white,Perennials,low,Feminine fidelity
Culver's Root,veronicastrum,pink,Perennials,low,
Culver's Root,veronicastrum,purple,Perennials,low,
Culver's Root,veronicastrum,white,Perennials,low,
periwinkle,vinca,pink,"Perennials, Shrubs",low,
periwinkle,vinca,purple,"Perennials, Shrubs",low,
periwinkle,vinca,red,"Perennials, Shrubs",low,
periwinkle,vinca,white,"Perennials, Shrubs",low,
,viola,blue,"Annuals, Perennials, Shrubs",low,
,viola,cream,"Annuals, Perennials, Shrubs",low,
,viola,violet,"Annuals, Perennials, Shrubs",low,
,viola,white,"Annuals, Perennials, Shrubs",low,
,viola,yellow,"Annuals, Perennials, Shrubs",low,
Bugle Lily,watsonia,orange,"Bulbs, Perennials",low,
Bugle Lily,watsonia,pink,"Bulbs, Perennials",low,
Bugle Lily,watsonia,purple,"Bulbs, Perennials",low,
Bugle Lily,watsonia,red,"Bulbs, Perennials",low,
Bugle Lily,watsonia,white,"Bulbs, Perennials",low,
,weigela,pink,Shrubs,low,
,weigela,red,Shrubs,low,
,weigela,white,Shrubs,low,
,weigela,yellow,Shrubs,low,
wisteria,wisteria,blue,Climbers,hard,
wisteria,wisteria,pink,Climbers,hard,
wisteria,wisteria,purple,Climbers,hard,
wisteria,wisteria,white,Climbers,hard,
,xanthisma,purple,"Annuals, Perennials",low,
,xanthisma,white,"Annuals, Perennials",low,
,xanthisma,yellow,"Annuals, Perennials",low,
immortelle,xeranthemum,pink,Annuals,low,
immortelle,xeranthemum,purple,Annuals,low,
immortelle,xeranthemum,white,Annuals,low,
immortelle,xerochrysum,orange,"Annuals, Perennials, Shrubs",low,
immortelle,xerochrysum,pink,"Annuals, Perennials, Shrubs",low,
immortelle,xerochrysum,purple,"Annuals, Perennials, Shrubs",low,
immortelle,xerochrysum,red,"Annuals, Perennials, Shrubs",low,
immortelle,xerochrysum,yellow,"Annuals, Perennials, Shrubs",low,
western turkey-beard,xerophyllum,cream,"Herbs, Perennials",low,
,yucca,green,"Cactus - Succulents, Shrubs, Trees",low,
,yucca,white,"Cactus - Succulents, Shrubs, Trees",low,
Arum Lily,zantedeschia,black,"Bulbs, Perennials",low,Beauty
Arum Lily,zantedeschia,orange,"Bulbs, Perennials",low,Beauty
Arum Lily,zantedeschia,pink,"Bulbs, Perennials",low,Beauty
Arum Lily,zantedeschia,purple,"Bulbs, Perennials",low,Beauty
Arum Lily,zantedeschia,white,"Bulbs, Perennials",low,Beauty
Arum Lily,zantedeschia,yellow,"Bulbs, Perennials",low,Beauty
,zephyranthes,pink,"Annuals, Bulbs, Perennials",medium,
,zephyranthes,white,"Annuals, Bulbs, Perennials",medium,
,zephyranthes,yellow,"Annuals, Bulbs, Perennials",medium,
elegant zinnia,zinnia,orange,"Annuals, Perennials, Shrubs",low,Thoughts of absent friends; Lasting affection
elegant zinnia,zinnia,pink,"Annuals, Perennials, Shrubs",low,Thoughts of absent friends; Lasting affection
elegant zinnia,zinnia,purple,"Annuals, Perennials, Shrubs",low,Thoughts of absent friends; Lasting affection
elegant zinnia,zinnia,red,"Annuals, Perennials, Shrubs",low,Thoughts of absent friends; Lasting affection
elegant zinnia,zinnia,white,"Annuals, Perennials, Shrubs",low,Thoughts of absent friends; Lasting affection
elegant zinnia,zinnia,yellow,"Annuals, Perennials, Shrubs",low,Thoughts of absent friends; Lasting affection
,zygopetalum,blue,"Annuals, Perennials",medium,
,zygopetalum,purple,"Annuals, Perennials",medium,
,zygopetalum,red,"Annuals, Perennials",medium,
,zygopetalum,white,"Annuals, Perennials",medium,
